{
  "1": {
    "accuracies": [
      0.5515,
      0.522375,
      0.535125
    ],
    "mean": 0.5363333333333333,
    "std": 0.011920890859700398
  },
  "5": {
    "accuracies": [
      0.61025,
      0.613875,
      0.612625
    ],
    "mean": 0.61225,
    "std": 0.0015034682127223905
  },
  "10": {
    "accuracies": [
      0.6255,
      0.632375,
      0.63
    ],
    "mean": 0.6292916666666666,
    "std": 0.002851047565759366
  },
  "20": {
    "accuracies": [
      0.644,
      0.649625,
      0.644625
    ],
    "mean": 0.6460833333333333,
    "std": 0.0025173012444988678
  },
  "50": {
    "accuracies": [
      0.66475,
      0.667625,
      0.669
    ],
    "mean": 0.667125,
    "std": 0.001770710780073019
  },
  "100": {
    "accuracies": [
      0.680125,
      0.68025,
      0.680125
    ],
    "mean": 0.6801666666666666,
    "std": 5.892556509889864e-05
  }
}