{
  "1": {
    "accuracies": [
      0.1,
      0.1,
      0.1
    ],
    "mean": 0.10000000000000002,
    "std": 1.3877787807814457e-17
  },
  "5": {
    "accuracies": [
      0.2175,
      0.242375,
      0.22575
    ],
    "mean": 0.22854166666666667,
    "std": 0.01034525521944991
  },
  "10": {
    "accuracies": [
      0.24325,
      0.28625,
      0.267
    ],
    "mean": 0.2655,
    "std": 0.01758669004294631
  },
  "20": {
    "accuracies": [
      0.337,
      0.352125,
      0.319625
    ],
    "mean": 0.33625,
    "std": 0.01327866396391847
  },
  "50": {
    "accuracies": [
      0.42725,
      0.431125,
      0.41275
    ],
    "mean": 0.42370833333333335,
    "std": 0.00790854846914962
  },
  "100": {
    "accuracies": [
      0.5,
      0.52125,
      0.504625
    ],
    "mean": 0.508625,
    "std": 0.009124714607409188
  }
}