{
  "1": {
    "accuracies": [
      0.1,
      0.1,
      0.1
    ],
    "mean": 0.10000000000000002,
    "std": 1.3877787807814457e-17
  },
  "5": {
    "accuracies": [
      0.305125,
      0.332875,
      0.329625
    ],
    "mean": 0.32254166666666667,
    "std": 0.012386708826623625
  },
  "10": {
    "accuracies": [
      0.3665,
      0.366625,
      0.377
    ],
    "mean": 0.37004166666666666,
    "std": 0.004920549314411515
  },
  "20": {
    "accuracies": [
      0.411625,
      0.423875,
      0.429625
    ],
    "mean": 0.42170833333333335,
    "std": 0.007506478683259015
  },
  "50": {
    "accuracies": [
      0.53975,
      0.556375,
      0.53625
    ],
    "mean": 0.5441249999999999,
    "std": 0.008779118216920559
  },
  "100": {
    "accuracies": [
      0.659,
      0.651,
      0.645875
    ],
    "mean": 0.6519583333333333,
    "std": 0.005400938704418807
  }
}