{
  "1": {
    "accuracies": [
      0.5665,
      0.58625,
      0.56875
    ],
    "mean": 0.5738333333333334,
    "std": 0.00882782847338778
  },
  "5": {
    "accuracies": [
      0.728625,
      0.73575,
      0.728625
    ],
    "mean": 0.731,
    "std": 0.0033587572106361235
  },
  "10": {
    "accuracies": [
      0.7585,
      0.73375,
      0.748125
    ],
    "mean": 0.7467916666666666,
    "std": 0.01014803620849317
  },
  "20": {
    "accuracies": [
      0.77675,
      0.777125,
      0.792375
    ],
    "mean": 0.7820833333333335,
    "std": 0.007278917425612768
  },
  "50": {
    "accuracies": [
      0.832,
      0.8075,
      0.833625
    ],
    "mean": 0.824375,
    "std": 0.011950854223304132
  },
  "100": {
    "accuracies": [
      0.848375,
      0.869375,
      0.8745
    ],
    "mean": 0.8640833333333333,
    "std": 0.011302808156481414
  }
}