{
  "1": {
    "accuracies": [
      0.56175,
      0.588875,
      0.5695
    ],
    "mean": 0.573375,
    "std": 0.011407691119006828
  },
  "5": {
    "accuracies": [
      0.699,
      0.7095,
      0.73025
    ],
    "mean": 0.7129166666666666,
    "std": 0.012984499305796203
  },
  "10": {
    "accuracies": [
      0.74275,
      0.758875,
      0.73525
    ],
    "mean": 0.745625,
    "std": 0.009856787001858158
  },
  "20": {
    "accuracies": [
      0.785,
      0.799875,
      0.79375
    ],
    "mean": 0.792875,
    "std": 0.0061041311147997535
  },
  "50": {
    "accuracies": [
      0.836875,
      0.826375,
      0.83475
    ],
    "mean": 0.8326666666666668,
    "std": 0.0045326745844908286
  },
  "100": {
    "accuracies": [
      0.87275,
      0.87125,
      0.888375
    ],
    "mean": 0.8774583333333333,
    "std": 0.007743500859143479
  }
}