{
  "1": {
    "accuracies": [
      0.198125,
      0.223375,
      0.20075
    ],
    "mean": 0.20741666666666667,
    "std": 0.011335018257104344
  },
  "5": {
    "accuracies": [
      0.340875,
      0.32075,
      0.336625
    ],
    "mean": 0.33274999999999993,
    "std": 0.008660855423494077
  },
  "10": {
    "accuracies": [
      0.3405,
      0.377375,
      0.37175
    ],
    "mean": 0.36320833333333336,
    "std": 0.01622059304985144
  },
  "20": {
    "accuracies": [
      0.29925,
      0.38975,
      0.410875
    ],
    "mean": 0.366625,
    "std": 0.04841562678171858
  },
  "50": {
    "accuracies": [
      0.520875,
      0.533,
      0.5315
    ],
    "mean": 0.5284583333333334,
    "std": 0.005397079971820166
  },
  "100": {
    "accuracies": [
      0.622375,
      0.618125,
      0.634375
    ],
    "mean": 0.6249583333333333,
    "std": 0.006880931784447669
  }
}