{
  "1": {
    "accuracies": [
      0.248625,
      0.214875,
      0.24825
    ],
    "mean": 0.23725,
    "std": 0.01582225489618973
  },
  "5": {
    "accuracies": [
      0.375,
      0.408,
      0.37925
    ],
    "mean": 0.3874166666666666,
    "std": 0.014657667693812068
  },
  "10": {
    "accuracies": [
      0.423625,
      0.435875,
      0.43625
    ],
    "mean": 0.43191666666666667,
    "std": 0.005865092118249791
  },
  "20": {
    "accuracies": [
      0.456875,
      0.542,
      0.487
    ],
    "mean": 0.4952916666666667,
    "std": 0.03524325191516182
  },
  "50": {
    "accuracies": [
      0.616875,
      0.607875,
      0.579375
    ],
    "mean": 0.601375,
    "std": 0.015984367363145784
  },
  "100": {
    "accuracies": [
      0.6725,
      0.68275,
      0.702625
    ],
    "mean": 0.6859583333333333,
    "std": 0.01250597079620596
  }
}