{
  "1": {
    "accuracies": [
      0.579625,
      0.556625,
      0.56575
    ],
    "mean": 0.5673333333333334,
    "std": 0.009456222231361115
  },
  "5": {
    "accuracies": [
      0.680125,
      0.676875,
      0.6815
    ],
    "mean": 0.6795,
    "std": 0.0019391793797033433
  },
  "10": {
    "accuracies": [
      0.700875,
      0.699,
      0.704375
    ],
    "mean": 0.7014166666666667,
    "std": 0.002227511067437279
  },
  "20": {
    "accuracies": [
      0.71575,
      0.7165,
      0.71675
    ],
    "mean": 0.7163333333333334,
    "std": 0.00042491829279940277
  },
  "50": {
    "accuracies": [
      0.745375,
      0.742375,
      0.73825
    ],
    "mean": 0.742,
    "std": 0.002920830361387001
  },
  "100": {
    "accuracies": [
      0.76075,
      0.760625,
      0.760625
    ],
    "mean": 0.7606666666666667,
    "std": 5.892556509889864e-05
  }
}