{
  "1": {
    "accuracies": [
      0.521,
      0.5595,
      0.552625
    ],
    "mean": 0.544375,
    "std": 0.016765229394990887
  },
  "5": {
    "accuracies": [
      0.646875,
      0.59975,
      0.639125
    ],
    "mean": 0.6285833333333333,
    "std": 0.020632279860020857
  },
  "10": {
    "accuracies": [
      0.72125,
      0.6675,
      0.682
    ],
    "mean": 0.6902499999999999,
    "std": 0.022705542641977654
  },
  "20": {
    "accuracies": [
      0.760375,
      0.78125,
      0.762375
    ],
    "mean": 0.7680000000000001,
    "std": 0.009404675255779248
  },
  "50": {
    "accuracies": [
      0.808375,
      0.7955,
      0.80025
    ],
    "mean": 0.8013750000000001,
    "std": 0.0053160527336235585
  },
  "100": {
    "accuracies": [
      0.841125,
      0.855,
      0.83275
    ],
    "mean": 0.8429583333333333,
    "std": 0.009175563863993435
  }
}